达人用户名,负责人
stylebycarlita,宗跨境店
therealmissmeena,宗跨境店
_gabrielamarie1,宗跨境店
tabstreasuresboutique01,宗跨境店
karla18montilla,宗跨境店
savialley,宗跨境店
iamisarose,宗跨境店
angiemendoza1121,宗跨境店
ddparisia,宗跨境店
pridexfulxqu33n_,宗跨境店
_smiles_are_free,宗跨境店
alinaaagalxo,宗跨境店
pelinegra1985,宗跨境店
sophielenaaa,宗跨境店
361_heaven,宗跨境店
kkamanda13,宗跨境店
mrs_carrie_childs,宗跨境店
daisy_daze86,宗跨境店
johanna.h4,宗跨境店
lishmarie1,宗跨境店
bonitadecarlos,宗跨境店
licdadayraguzmanp,宗跨境店
anita_love310,宗跨境店
digitallyeringunn,宗跨境店
ely_urizar,宗跨境店
heyits_yoazin,宗跨境店
brisrizos,宗跨境店
chido.483,宗跨境店
stefani_laraa,宗跨境店
officialkatieross,宗跨境店
niyalanaeeee,宗跨境店
itslaquelle,宗跨境店
justjaslynn15,宗跨境店
___queeny__lynn,宗跨境店
happyshop968,宗跨境店
outdoornia,宗跨境店
sara_swati96,宗跨境店
acquiredtastee,宗跨境店
edileniamejia,宗跨境店
ashleyyoursouthernbelle,宗跨境店
massielgcm2000,宗跨境店
kim1911,宗跨境店
raefreiwald,宗跨境店
ketteline72,宗跨境店
sabrinas_palace,媚跨境店
bdiaries25_,宗跨境店
stacyrn_72,宗跨境店
kim.thomas48,宗跨境店
angelicareyna83,宗跨境店
hayleebabyy420,宗跨境店
offkilterquilter,宗跨境店
watermelonpuff2,宗跨境店
princessbellabackup77,宗跨境店
aikyav,宗跨境店
floravilapina,媚跨境店
elizabeth.gonzale11,宗跨境店
mistilixantusda5,宗跨境店
chhali.bista,媚跨境店
kayeugc,宗跨境店
patrinalc,媚跨境店
chettritila,宗跨境店
princessjessicayoder,宗跨境店
mariannagabriellee,宗跨境店
robynlouise1977,宗跨境店
jayleegirl1,宗跨境店
makeupbypokahonta_,宗跨境店
dayoudiva,宗跨境店
michelleaamm,宗跨境店
nannyperez1,宗跨境店
radhikakhadka166,宗跨境店
cassiepickard1,宗跨境店
chinadubaibeautyfashion,宗跨境店
itsmildredtorres,宗跨境店
gabriela_johnson26,宗跨境店
dpujol1985,宗跨境店
jstkara,宗跨境店
aleediaz522,宗跨境店
crystalvrussell,宗跨境店
mrsbrun3,宗跨境店
purplehairedgir.l,宗跨境店
mama19_94,宗跨境店
guirloveda.beauty,宗跨境店
prinsha2021,宗跨境店
ingrid_y20,宗跨境店
positiveconnections216,宗跨境店
mississippifatal,宗跨境店
betty.pupo8,宗跨境店
bellashop660,宗跨境店
deepikagautam2015,宗跨境店
raipabitra80,宗跨境店
casohnpeoples206,宗跨境店
ericanielsen6,宗跨境店
reviewedbyleah,宗跨境店
whybemadd1,宗跨境店
qui_qui95,宗跨境店
thedairyqueenxo,宗跨境店
gabriela_lucero1,宗跨境店
brittneykyra,宗跨境店
isabel80soto,宗跨境店
8.metanoia777,宗跨境店
puja_tamang24,宗跨境店
madesimply,宗跨境店
buzehailu1,宗跨境店
xk.carmenjoaquin,宗跨境店
useryadiomilana4,宗跨境店
adynordelo,宗跨境店
soy_saili,宗跨境店
eryckacoronel,宗跨境店
norma.leveron,宗跨境店
corrina_94,宗跨境店
yurict,宗跨境店
evagabrielamakeup,宗跨境店
maritzalamas89,宗跨境店
anayancimerlos,宗跨境店
arylacubana,宗跨境店
dedeheinn,宗跨境店
soy_olas,宗跨境店
victoriousme2525,宗跨境店
komalkariatanna,宗跨境店
officialtyrapasick,宗跨境店
lex.in.the.city.2,宗跨境店
irenesblue,宗跨境店
mgreat20,宗跨境店
msjvckson4,宗跨境店
kikise08,宗跨境店
namjonziee,媚跨境店
kealie_dawn,宗跨境店
__tania2,宗跨境店
purnimagrg81,宗跨境店
lorena.marin.rami,宗跨境店
labelle5255,宗跨境店
soyreinacubana,宗跨境店
tiktokshopdeastrid,宗跨境店
nainaacharya24,宗跨境店
cha_gutierrez30,宗跨境店
mildredelriego,宗跨境店
cesardelrio95,宗跨境店
kenisol1,宗跨境店
melirp79,宗跨境店
moryviral,宗跨境店
estrellitacalderin,宗跨境店
imeelachiquilokis,宗跨境店
iki_vega,宗跨境店
all_the_goodstuff,宗跨境店
lestercruz024,宗跨境店
klaosttshop,宗跨境店
hiddengemscandi,宗跨境店
gvasquez_1,宗跨境店
theinfiniteissa,宗跨境店
duchessplumb,宗跨境店
da1lydealz,宗跨境店
unclekyleofficial,宗跨境店
anahi.rojas24,宗跨境店
fani_jnc2,宗跨境店
soyrossie1,宗跨境店
lisamasa,宗跨境店
thebloomnoir,宗跨境店
anaylinllorente,宗跨境店
uma.dulal6,宗跨境店
styledbysulie,宗跨境店
towboaterswife0,宗跨境店
iamlux.stores,宗跨境店
taylor.getsfit20,宗跨境店
braidsbykerline5,宗跨境店
marianaguzman1989,宗跨境店
dunayalmir,宗跨境店
rayofsunshine1020,宗跨境店
nerisavila90,宗跨境店
tonyahoward7,宗跨境店
melissagarciapadi7,宗跨境店
brittaniamber,宗跨境店
rox01163,宗跨境店
kasey_blodgett,宗跨境店
stridentshop,宗跨境店
liaabiia,宗跨境店
yenyyenyyelreal,宗跨境店
__ttdoyouloveme__,宗跨境店
valaylattshop,宗跨境店
axelhernandez4565,宗跨境店
snatchspott,宗跨境店
sailawaywithmisty,宗跨境店
granddesignweekendcamper,宗跨境店
klari_guzman,宗跨境店
_ebonydenise,宗跨境店
qamar__b2,宗跨境店
sulena641,宗跨境店
darlinechery7,宗跨境店
siempreselene1,宗跨境店
elis_cubanita,宗跨境店
passangtamang2016,宗跨境店
monica_miros,宗跨境店
osirismurillo3,宗跨境店
colleenthefeen,宗跨境店
iselavargas1029,宗跨境店
stephpierre21,宗跨境店
may.quenia,宗跨境店
lovefamily102,宗跨境店
flor_cruz_2,宗跨境店
mayelacasas,宗跨境店
lifeofzaygore,宗跨境店
purelyvictoria,宗跨境店
gleidys.arrazcaet,宗跨境店
girlmomentswithbrooke,宗跨境店
jyotisharma86860,宗跨境店
vanemartinez_00,宗跨境店
cellanatto,宗跨境店
kristinewallerlindsey,宗跨境店
marbelyn.afiliadatts2,宗跨境店
amandaandromeda,宗跨境店
stella_mccormick,宗跨境店
queen_w27,宗跨境店
kaleyhcastillo,宗跨境店
miradav97,宗跨境店
joserosamensajedecristo,宗跨境店
lomelilivin,宗跨境店
myboo01,宗跨境店
1998diaz1,宗跨境店
laxmidarnal55,宗跨境店
yesha1890,宗跨境店
dcaramelomelo,宗跨境店
clau07hc,宗跨境店
veritolove85,宗跨境店
monikakhatri33,宗跨境店
el_famoso_alexis,宗跨境店
thuyaittran,宗跨境店
goodvibetris,宗跨境店
trodrigueza,宗跨境店
_s6rren,宗跨境店
aprendeacrecerconlisi,宗跨境店
trendsbyjay,宗跨境店
my_princess_and_i,宗跨境店
elylita,宗跨境店
todotrendy,宗跨境店
fragranceswan,宗跨境店
lowandadavis2,宗跨境店
xxcheskiexx,宗跨境店
neily.morales.mir,宗跨境店
josianajp,宗跨境店
april_f_robertson,宗跨境店
shelycastro63,宗跨境店
debbie_datmom,宗跨境店
tey_zamora,宗跨境店
yailin19950,宗跨境店
melinag2427,宗跨境店
aniretake13,宗跨境店
spanglish.ruth,宗跨境店
bootscootinboogy,宗跨境店
yani.2recomienda,宗跨境店
odetaramadhani,宗跨境店
hayweebugg2113,宗跨境店
nirmalakarki001,宗跨境店
bubblymoments,宗跨境店
zaidaggm,宗跨境店
jessicablalock86,宗跨境店
mrsdowe,宗跨境店
maribarber7,宗跨境店
luisruizpaz178,宗跨境店
martha_brii,媚跨境店
amarteatinadamas,宗跨境店
blazinsummer27,宗跨境店
riveraflor4,宗跨境店
choune249,宗跨境店
lynnsepkowski,宗跨境店
raj.bhattarai,宗跨境店
yolilacubanita0,宗跨境店
annie.minaj.wayne,宗跨境店
gramartinez07,宗跨境店
nancyofalltrades,宗跨境店
.kb.scents,宗跨境店
yurita_rodriguez,宗跨境店
p3lon_acec4s,宗跨境店
amandasworld69,宗跨境店
lala_cdez,宗跨境店
fantasyonly0,宗跨境店
gabrielacatalan8,宗跨境店
aalisha_grg,宗跨境店
day.almaguer5,宗跨境店
mariam82444,宗跨境店
wilguens.seche,宗跨境店
chaparritacastromakeup,宗跨境店
yenifermonory,宗跨境店
eli354643,宗跨境店
adi_cardonell,宗跨境店
emotionless4998,宗跨境店
dmv_creators,宗跨境店
cristirzmm,宗跨境店
duranfinds,宗跨境店
cryystallala,宗跨境店
leoricardog,宗跨境店
luma.gloh,宗跨境店
lisberb,宗跨境店
henycarrasco94,宗跨境店
gema0180,媚跨境店
s_mariah_,宗跨境店
elbah12,媚跨境店
liah38334,宗跨境店
marlenys15520,宗跨境店
camilacastaneda99,媚跨境店
indiraadhikari76,宗跨境店
cubanita518,宗跨境店
claudiarufino0522,宗跨境店
elchicocholero,媚跨境店
henrymedjou,宗跨境店
manman.jay24,宗跨境店
tee_savorslay,宗跨境店
maideofficial_,宗跨境店
yaris_1.1,宗跨境店
mandy.thimjon,宗跨境店
mcfli_guy,宗跨境店
natalia199326,宗跨境店
cuba2205,宗跨境店
jaymichellexx,宗跨境店
anarosagarcia276,宗跨境店
mostlycurls,宗跨境店
joss_poveda,宗跨境店
rhinastique,宗跨境店
raneemsahawneh1,宗跨境店
anmoltimsina2,宗跨境店
zy_yell,宗跨境店
punamjoshi52,宗跨境店
iliagnis.rodrigue7,宗跨境店
lifewithjaianna,宗跨境店
candorclip,宗跨境店
mirelmartine,宗跨境店
yene8816_11,宗跨境店
bellaslayss_,宗跨境店
marysola897,宗跨境店
destinykallay,宗跨境店
adriannarose25,宗跨境店
novastar914,宗跨境店
samaradarad9,宗跨境店
dianaarroyo1214,宗跨境店
lilly.sumrall7,宗跨境店
ksdealz,宗跨境店
livingwithhunny,宗跨境店
tinkerleaf.co,宗跨境店
fitwitcheeks,宗跨境店
henchavoigt,宗跨境店
livelyformyself,宗跨境店
alexlpezmartnez3,宗跨境店
biggggza,宗跨境店
mychelles_,宗跨境店
iyannaapalmerr,宗跨境店
naomimila_,宗跨境店
sixdimes,宗跨境店
sallydunn1976,宗跨境店
rn.arborist.suppl,宗跨境店
daphnemuzuruk,宗跨境店
avery.reviews.it,宗跨境店
creadora1984,宗跨境店
ranjanabasnet5,宗跨境店
isabadbitch4,宗跨境店
jacqueline_wheeler,宗跨境店
bebitamely,宗跨境店
itzbr0.0k3,宗跨境店
austinsdailydeals,宗跨境店
familia_elmi21,宗跨境店
jalinesuperwoman,宗跨境店
angelicajen1,宗跨境店
lovelyadhikari3,宗跨境店
maggietijeras,媚跨境店
laurapaniagua59,宗跨境店
irinameyer504,媚跨境店
_yari777,宗跨境店
mrspierrev,宗跨境店
bricentenoz,宗跨境店
tmgnira13,宗跨境店
rachelita163,宗跨境店
rjhadley,宗跨境店
joela638,宗跨境店
conniepineda_oficial,媚跨境店
jasmineainthere,宗跨境店
hawaiibbww,宗跨境店
hokes2923,宗跨境店
haileynicolee234,宗跨境店
productostiktokshop,宗跨境店
hannahthorne__,宗跨境店
xemariee97x,宗跨境店
claudiagpaz,宗跨境店
itsperlaibarra,宗跨境店
imyourfavoriteee,宗跨境店
lesyani.nails,宗跨境店
susmitarazim9,宗跨境店
jenninelly.hernan,宗跨境店
eshu_loyu,宗跨境店
riclainie.bojulus1,宗跨境店
dilipmukhiya5,宗跨境店
lexus.mxrie,宗跨境店
annidoj,宗跨境店
daliarosas35,宗跨境店
kafleybhuma,宗跨境店
beautywithmagaly,宗跨境店
jessicamarieguill,宗跨境店
evyg07,宗跨境店
daniellismatosles,宗跨境店
thegracehairs1,宗跨境店
carloslopez8456,宗跨境店
pamelasandoval41,宗跨境店
shayeebabyy,宗跨境店
desteeeny_07,宗跨境店
zcoriaa,宗跨境店
yarismi.sotolongo,宗跨境店
kkhalll18,宗跨境店
ivana.de.roslen,宗跨境店
yane_gema7,宗跨境店
marquesspeaks11,宗跨境店
yenelyrangel,宗跨境店
greasepotofficial,宗跨境店
jojo_20_25,宗跨境店
puzastha29,宗跨境店
yenlylanda,宗跨境店
amayaaspam00,宗跨境店
wasoona1,宗跨境店
queenvany0,宗跨境店
letsgoandcook,宗跨境店
lameramerameramera,宗跨境店
justthatgirlc,媚跨境店
_itsoneidaaa,宗跨境店
dachou2423,宗跨境店
maritzarios97,媚跨境店
diare.moreno,宗跨境店
bess_martin01,宗跨境店
sushmakharelprasai,宗跨境店
jennifer.12042025,宗跨境店
claudiaturro00,宗跨境店
david.rubio001,宗跨境店
holidayla,宗跨境店
sara.puricelli,宗跨境店
vodoley399,宗跨境店
iris_tips04,宗跨境店
marianelavg22,宗跨境店
dreamdriving0,宗跨境店
findloot,宗跨境店
qamar__b1,宗跨境店
idkgfbx,宗跨境店
hotmamafashionfinds,宗跨境店
samanthacoley983,宗跨境店
lagloirededieu995,宗跨境店
jenoline,宗跨境店
shopwithdessa,宗跨境店
abdullatif.wafa1,宗跨境店
deswhispers,宗跨境店
randomfindsontt,宗跨境店
dini3997,宗跨境店
yenyoliva1,宗跨境店
laritzaugc,宗跨境店
yaimaracaete,宗跨境店
rosymunoz3,宗跨境店
ceo.cdbc,宗跨境店
lijcontent._,宗跨境店
kassiyjravu,宗跨境店
jare.8,宗跨境店
mdlerecteur,宗跨境店
wendyzelaya0303,宗跨境店
yesenia_coria_vargas,媚跨境店
star504r,宗跨境店
veronicavaldes1992,宗跨境店
adie_lol,宗跨境店
splendide50,宗跨境店
melbc123,宗跨境店
txgurl38,宗跨境店
raisasiu,宗跨境店
yaima0505,宗跨境店
monsexsiul,宗跨境店
jojo.soulvibes,宗跨境店
yuda96..2,宗跨境店
monicaguzmantips,宗跨境店
onthecollar,宗跨境店
jennyvergel11,宗跨境店
gabbyruelasvera,宗跨境店
amintaisabellaugc,宗跨境店
tyni_alika,宗跨境店
maylinperez65,宗跨境店
fernando.jose.nol5,宗跨境店
wdiazz17,宗跨境店
.brooklyn_kozminski,宗跨境店
jaallilly1,宗跨境店
supama05,宗跨境店
babytiktok394cuba,宗跨境店
erikatorres77,宗跨境店
lori__dory,宗跨境店
jamietravel12,宗跨境店
hemakoiralachhetri,宗跨境店
keniacortez560,宗跨境店
hypermobilitydiaries,宗跨境店
kourtschi_tx,宗跨境店
kalpanasharma1962,张美区
rosapo80,张美区
callmerose333,张美区
daisyrosas11,张美区
clau_dani0,张美区
annanazarioo,张美区
impurfectqueen5.0,张美区
junior_az_promo,张美区
siennasummerss,张美区
nyiahmikel2,张美区
squishykitty2020,张美区
erlindaloera,张美区
jacqui_mancuso,张美区
amytaylornyc,张美区
melindagayheart7,张美区
tu_mami.alvarez,张美区
cristal.belle22,张美区
dayoufanmled,张美区
yvaraneb,张美区
yanyisa93,张美区
vitalfuel,张美区
patty_olivares503,张美区
thebeardfather01,张美区
jackiemlinaa,张美区
turciosmatute,张美区
caballero1468,张美区
silvercito94,张美区
makisscastro1979,张美区
krystal97alexis,张美区
flopez2575,张美区
jjmakeuppp,张美区
celebe150,张美区
anshuuprety123,张美区
soymabeoficial,张美区
ootduo11,张美区
cammie_spon,张美区
gwensellars56,张美区
lilyalecia_,张美区
888lureynalemondrop,张美区
maxi_tiktokshop,张美区
roza_khadgi,张美区
oliherrera22,张美区
ashjff1,张美区
abbiyahbackup,张美区
mamijoharisifa,张美区
2hearts_1love1,张美区
mcsexy61,张美区
roxyandytiktokshop,张美区
rocy65680,张美区
makepeace.family,张美区
marie_momofsevenllll,张美区
ririwda_wetp,张美区
dailymirandabarbie,张美区
geezzytellemhowitis,张美区
big_red_does_it,张美区
summersweet.spicy1985,张美区
soydanytg,张美区
fragrance_ninja,张美区
harleyrinasavage,张美区
mui_life_style,张美区
dabelle2023,张美区
blackgirlbrenda,张美区
yasminhernandez205,张美区
amaglowcoach,张美区
natireels,张美区
gitabhusal20,张美区
closetvip4ever,张美区
heaven__s,张美区
bhim_official0,张美区
mzheatherjean,张美区
pau.nevarezzz,张美区
nerlie_creates,张美区
zuliballester,张美区
karolrivera307,张美区
yey_valdez,张美区
yamaliscm,张美区
subuwumary,张美区
lesleaclark,张美区
manman.meetch1,张美区
meredithmantegani,张美区
papichulolopez502,张美区
angela.puckett6,张美区
daraime0,张美区
mznatacha,张美区
fenix.jg,张美区
bellemimise,张美区
linrob1110,张美区
pixxiepeanuts,张美区
jaroglez11,张美区
alliraerae,张美区
emran.saleh,张美区
hola_teresaa,张美区
customprintsrus,张美区
wablondie30,张美区
prettydol118,张美区
calistamariedilla,张美区
elsa.martinez7756,张美区
pushpanep,张美区
cckirstinfinds,张美区
trimjg,张美区
__erinrae,张美区
migdreysoto1,张美区
cmnirola,张美区
ceteraxo,张美区
fierceangellb,张美区
lapelusamalcriada,张美区
sayinails.naples,张美区
brunetteinspirit,张美区
yanisleiy,张美区
fatoosh.nutri,张美区
alyssa.findss,彭美区
smaylicarla,彭美区
anaa_ray,彭美区
demitraboba3,孟美区
mayramontesdeespinoza,孟美区
valeriepatrice_,孟美区
soykathy503,孟美区
tiger_eyez26,孟美区
epic_tattooink,孟美区
sarajanae2,孟美区
itzygallegos,孟美区
hayhayy999,孟美区
0mniultr4,孟美区
nahommontero,孟美区
vavoune34,孟美区
khinachuwan1985,孟美区
sanujoshi8,孟美区
ignacito7,孟美区
h4wtr4wr,孟美区
yaima750,孟美区
renerobles01,孟美区
eeveetastics,孟美区
alunalunera,孟美区
khanfarid254,孟美区
aily.soto,孟美区
jeychele77,孟美区
tarakarki12345,孟美区
mspurpleandi,孟美区
godslightandlove,孟美区
salguerolisbeth82,孟美区
3tsade,孟美区
queenmamatessie,孟美区
kristina_81_09,孟美区
itsjoi_king,孟美区
hajurisingh,孟美区
vichotdetiktokshop,孟美区
yaimaprieto3,孟美区
lavinell4,孟美区
aref.mesbah,孟美区
5starr.tyaciaa,孟美区
shenanigansbynatalie,孟美区
_heather_irene_,孟美区
yessi.romero53,孟美区
gesivieiramkt,孟美区
ninietravelandmore,孟美区
moonstarg,孟美区
kierrajoneill,孟美区
magarinemauricette1,孟美区
yayiandkeily1,孟美区
icxipenn44,孟美区
angatsampang,孟美区
jissel_zuniga2,孟美区
1vane_ce,孟美区
ingridpaolamoreno7,孟美区
magdacardona05,孟美区
yamiorrelli,孟美区
yorlene70,孟美区
linaacharya5,孟美区
thesassymisty69,孟美区
kiransharma598,孟美区
gracelynnsmama31,孟美区
jennine711,孟美区
shelby.gould,孟美区
la_anita0,孟美区
mariacarrillo4796,孟美区
mixxx.reddd,孟美区
prell76,孟美区
blessedlife4444,孟美区
addtocartali,孟美区
rhicuvas,孟美区
deepikakharelkarki45,孟美区
rose_bogen,孟美区
girlmom91109,孟美区
shalecegooden,孟美区
rockthekasbar80,孟美区
suyapasanchez2,孟美区
day.queen1995,孟美区
mrs_bari_boogiwalker,孟美区
albi_albi_albi,孟美区
newyorksonlyqueen,孟美区
delmia1987,孟美区
veliz.l,孟美区
lillymom07 （高产）,孟美区
winstondabulldog,孟美区
jeza.crafty,孟美区
yomiraaglaeg,孟美区
darsis_04,孟美区
lorilancaster2712,孟美区
pinkysue21,孟美区
nandatiktokshop26,孟美区
nay_ordonez,孟美区
not_emilxy,孟美区
raiofbeauty,孟美区
the0riginal.n3yaaa,孟美区
ericaisbliss,孟美区
yuma07271985,孟美区
mrsbryant35,孟美区
nicoleover40unfiltered,孟美区
yliehmm,孟美区
vinzadianita,孟美区
67farmhouse,孟美区
jloo232,孟美区
danita.com66,孟美区
maegilliard,孟美区
yourstruly3454,孟美区
erickaarango733,孟美区
seabreezemarie,孟美区
toomanyinthekitchen,孟美区
black_vegan_meals,孟美区
tinybitstitious,孟美区
marichuy_r0driguez,孟美区
spooky_linds,孟美区
bili4300,孟美区
onlyhens_,孟美区
fanychavez002,孟美区
idania_giron1,孟美区
sunkissedkendy,孟美区
tir510,孟美区
kikodayakevindylan,孟美区
csiwakori,孟美区
dragon_smart,孟美区
abdulhaqmamond1,孟美区
kcastanedaaa,孟美区
tiffany.tiktok,孟美区
cricko_davis,孟美区
lillymom07,孟美区
jdlviral,孟美区
srijana.pradhan04,孟美区
marydvorak6,孟美区
shai.collective,孟美区
emilymetzger6,孟美区
shoppingworld14,孟美区
hampdog777,孟美区
texasgirlindenver,孟美区
leeann.momlife.lifestyle,孟美区
dosucarrera,孟美区
mi.isla.laredo.te,孟美区
reviewsttshop.34,孟美区
tu_catrachita_favorita2,孟美区
niquebetheone,孟美区
margaritaalvarez3030,孟美区
jessica_ramos_4,孟美区
ridhuwag,孟美区
sophiemixxg,孟美区
alannacabral407,孟美区
christyhardy375,孟美区
kumarikhatiwada8,孟美区
adriaunaj,孟美区
thugginwlele_,孟美区
nidia.lj,孟美区
ainady_pol,孟美区
leelakhanalpathak,孟美区
sincalove,孟美区
geekers1,孟美区
vilmasanchez4025,孟美区
dirtycrewtxgirl,孟美区
tulasa.bashyal5,孟美区
canna_king,孟美区
osneidipirela,孟美区
margarita.mejia891,孟美区
arosa022,孟美区
rocampo78,孟美区
bolita_laflor,孟美区
haiderjeraiw,孟美区
zyl0ve,孟美区
seetusharma2020,孟美区
karlasantiago520,孟美区
millydrop,孟美区
jessica.mancera1,孟美区
shop.with.evelyn,孟美区
mesiaman6,孟美区
wheres.talyaa,孟美区
dayanaescobar4563,孟美区
prettygangbraids,孟美区
mom_life24.7,孟美区
grace.sproul,孟美区
kelikawi64,孟美区
ephtay1,孟美区
yaleyayi,孟美区
mhdadriana,孟美区
m.o.studio118,孟美区
erly314,孟美区
bbbbiancccaaaa,孟美区
nickyreynolds,孟美区
frankieinkansas,孟美区
caressa123,孟美区
prava20204,孟美区
hanny.christian1,孟美区
latinaash_99,孟美区
merosansar87,孟美区
blu3skiiboohottie,孟美区
the.swiftie.laserchick,孟美区
missouri.mammy,孟美区
denis_ubeda79,孟美区
the_realty_chels,孟美区
aarohiiii0000,孟美区
beatriz_oficialx0,孟美区
katiepie1364,孟美区
itslaurennn11,孟美区
lacarroll_esq,孟美区
jessesosa35,孟美区
tosha_story,孟美区
driftingqueen8,孟美区
shrijanaa_,孟美区
shesdifferentbaby,孟美区
ttowntornado,孟美区
banohelen123,孟美区
emmapulley27,孟美区
caritoinmiami,孟美区
redlocktok,孟美区
mayananu161,孟美区
gabrielav1981,孟美区
kellysfavoritefinds,孟美区
yalietperez,孟美区
marieladelcidmald,孟美区
sandrina2602,孟美区
diamonddealz00,孟美区
yeseniaocegueda72,孟美区
dillubhattarai3,孟美区
bannned.myks,孟美区
dalmarubio94,孟美区
yayispamanicuris,孟美区
yoslaimis,孟美区
chaparritacruz125,孟美区
mindbodytania,孟美区
rosmyrlinks,孟美区
stroller_pug,孟美区
iammrsporter,孟美区
eltiktokshopdenoelia,孟美区
gisselletiktokshopp,孟美区
yanetgomez72,孟美区
alexxandria41,孟美区
ivetteaceves2,孟美区
erikagutierrez4320,孟美区
jamunasubba09,孟美区
lamueca.depapa,孟美区
sheerlah,孟美区
ely.arias56,孟美区
kyatereffe,孟美区
831_.angeles,孟美区
anarespii,孟美区
daniellemoreno4,孟美区
maylinnails24,孟美区
carlos.lifestyle_,孟美区
scentswithcass,孟美区
chelsea._.hart,孟美区
timtrenuer,孟美区
tessu.cuban4alway,孟美区
beeraa677,孟美区
sashana_28,孟美区
brianamorenowinston,孟美区
enersantana1995,孟美区
savingyoutimeenergymoney,孟美区
pabidhamala2,孟美区
diazv78,孟美区
mkayikes,孟美区
its_martha15,孟美区
0511villle,孟美区
samdemiki,孟美区
yudelkis.gar,孟美区
soyabundanciaa,孟美区
_chinita_023,孟美区
antisocial_p3nguin,孟美区
yare37497,孟美区
mirnaveronica,孟美区
sergeantpalmer,孟美区
malina_lamb,孟美区
someone_named_iris,孟美区
tiatiktokshop,孟美区
_thisismeski,孟美区
judisprz,孟美区
diane112788,孟美区
lanore_tv,孟美区
samy9121,孟美区
leftbrainedmanifestcoach,孟美区
funkeshop,孟美区
shelli.mcalister,孟美区
tiktokshoptts1,孟美区
atenashop1,孟美区
jdleon2022,孟美区
unafamiliade08,孟美区
gpaz4,孟美区
brittanywisdom,孟美区
lisataytayy,孟美区
gleiby_shop79,孟美区
yshamar05,孟美区
bebecita_yas,孟美区
jirehboutique17,孟美区
beca0205,孟美区
mrs.jshort,孟美区
madylovee,孟美区
betsaida0928,孟美区
krysalene,孟美区
laura_lepec,孟美区
marcianunesmills,孟美区
rosamarket3,孟美区
catelynn_mae,孟美区
amy.marie5432,孟美区
paolaaa_perdomo,孟美区
lizrodriguezzz2,孟美区
reinaruiz40,孟美区
lauraalayne,孟美区
lindseykats87,孟美区
holaaasoylily,孟美区
michellebee8809,孟美区
blackhensy95,孟美区
its_night_stars,孟美区
esperanzarobles831,孟美区
lauraburkeywhitcomb40,孟美区
blancaelena5,孟美区
adrenirecinos,孟美区
aracelissosa41,孟美区
nasveeofficial07,孟美区
monarca0316,孟美区
ayobarbara,孟美区
yali7705,孟美区
eliany.hndz1,孟美区
erikatiktoksop,孟美区
themole2005_official,孟美区
lucia91cuba,孟美区
lupegarcia1192,孟美区
danig1028,孟美区
shorkiebros,孟美区
meganrealgsc,孟美区
anisharaay2,孟美区
urrutiarios,Lauren 美区
malandroxvida,Lauren 美区
lillam0208,Lauren 美区
nbayoungall,Lauren 美区
peggyjss,Lauren 美区
andreadailyfinds,Lauren 美区
yamileth.amaya661,Lauren 美区
alicebendzula,Lauren 美区
tory15186,Lauren 美区
lifewithnikkip,Lauren 美区
livingasling,Lauren 美区
heatherguesford,Lauren 美区
jdlmoneyy,Lauren 美区
lobster.bunny,Lauren 美区
baldo_guerrero70,Lauren 美区
foxykaylee97,Lauren 美区
tayzthingz,Lauren 美区
beccarochellebackup,Lauren 美区
araxaylopezlabrad,Lauren 美区
sonrisitas_08,Lauren 美区
welte18,Lauren 美区
marissaj0809,Lauren 美区
tamika0809,Lauren 美区
itz.amandv,Lauren 美区
lifewithtesa,Lauren 美区
saily.hernandez3,Lauren 美区
daisymay952,Lauren 美区
chaybusta,Lauren 美区
anisleydis19,Lauren 美区
nayeris11,Lauren 美区
henna.tacoma.wa,Lauren 美区
laura04378,Lauren 美区
username.liah,Lauren 美区
just_a_small_town_girl90,Lauren 美区
mom4americaa,Lauren 美区
pelotonmamu55,Lauren 美区
ambiranasampang,Lauren 美区
kotadealz4you,Lauren 美区
literally__justagirl,Lauren 美区
jennifergranela,Lauren 美区
jennifer_franco6,Lauren 美区
pineapples2428,Lauren 美区
martha.gonzalez88,Lauren 美区
lissramirez82,Lauren 美区
stromainj7,Lauren 美区
4langangg,Lauren 美区
monicajd19,Lauren 美区
kjayde,Lauren 美区
jordannleshell,Lauren 美区
cjloves82,Lauren 美区
wildfeatherart,Lauren 美区
darlabby,Lauren 美区
mayapeltrop26,Lauren 美区
beatriz_82.2,Lauren 美区
alondrazavala1399,Lauren 美区
alyssaclay2.0,Lauren 美区
.dayday.jade,Lauren 美区
hangelivi,Lauren 美区
topdawgdeals,Lauren 美区
txbrandie,Lauren 美区
melvysplacencia,Lauren 美区
werita_yakelynn2,Lauren 美区
kurensmith,Lauren 美区
stackyno2,Lauren 美区
afghan.food0,Lauren 美区
helen.gilmore54,Lauren 美区
laxmi.sapkota653,Lauren 美区
tamy.02.lol,Lauren 美区
crazycurls81,Lauren 美区
yiraisisshop,Lauren 美区
raywahtee97,Lauren 美区
criluvjesus,Lauren 美区
tajikqueen0,Lauren 美区
alieskaoliver,Lauren 美区
lily_sabor_luz_aromas,Lauren 美区
bishnu_phuyel,Lauren 美区
caramelpeanutbutter,Lauren 美区
ryahss.life,Lauren 美区
paigebby,Lauren 美区
elizabethpr68outlook.com,Lauren 美区
losschiismes(asibailamosplebes),Lauren 美区
ohmommyfiles,Lauren 美区
litsyrodriguezz,Lauren 美区
liapg0110,Lauren 美区
kariisgold,Lauren 美区
productsreviews53,Lauren 美区
mamabearx4894,Lauren 美区
wiggirlontiktok,Lauren 美区
bhawanamishra6,Lauren 美区
jeaninemawazo,Lauren 美区
styledbyonyx,Lauren 美区
jackiem3005,Lauren 美区
candicesthrifthaven,Lauren 美区
theofficialkaychelle,Lauren 美区
healingharvests,Lauren 美区
paolablakebeauty,Lauren 美区
kerria576,Lauren 美区
drjulia8,Lauren 美区
lizannemartinez,Lauren 美区
jillianwasem01,Lauren 美区
mdeals4ucollabs,Lauren 美区
taybandz896,Lauren 美区
aimarperea,Lauren 美区
nirukhadka9,Lauren 美区
slossyshouse,Lauren 美区
shayhuerta90,Lauren 美区
marieftheo,Lauren 美区
bebesita_yessi,Lauren 美区
alexandraachim26,Lauren 美区
asiathevi_,Lauren 美区
spalma_1,Lauren 美区
jaqueline_meza7,Lauren 美区
allisontxrealtor,Lauren 美区
fizzinwithfootz,Lauren 美区
makeupby_yayis,Lauren 美区
qoiii_i,Lauren 美区
karikaroleysve,Lauren 美区
maiyapokhrel0,Lauren 美区
roopa0317,Lauren 美区
kenzieshopss,Lauren 美区
sharpay8484,Lauren 美区
cookwithuzz,Lauren 美区
mary_42111,Lauren 美区
keshpilk,Lauren 美区
.kate223,Lauren 美区
yaserdawood4,Lauren 美区
aliciahawkins645,Lauren 美区
buhhnastyy,Lauren 美区
sendymor,Lauren 美区
itsleahhhboo,Lauren 美区
leslye_99,Lauren 美区
tanyanazirfaruqi,Lauren 美区
marinaanellie,Lauren 美区
eneidashop,Lauren 美区
lo_deals,Lauren 美区
glowmeuplongevity,Lauren 美区
brownskinmila,Lauren 美区
orquidia7203,Lauren 美区
odileiby85,Lauren 美区
nursejen95,Lauren 美区
hustle_n_faith,Lauren 美区
crownofaqueen,Lauren 美区
leleneelie,Lauren 美区
ferrera503,Lauren 美区
realsua1,Lauren 美区
yeni49047,Lauren 美区
helinaye4,Lauren 美区
beekasharma2008,Lauren 美区
happinessiseverything06,Lauren 美区
biancabriana2,Lauren 美区
calkenn,Lauren 美区
jenniferthornton398,Lauren 美区
chanty_probandomuestras,Lauren 美区
fabdboutique,Lauren 美区
lexiehertle15,Lauren 美区
awkwardreviews,Lauren 美区
anaelidominguezca,Lauren 美区
queenda31backup,Lauren 美区
sweetjeanelle,Lauren 美区
kiannasmith78,Lauren 美区
_zoe.nicole,Lauren 美区
kvmxrlee,Lauren 美区
khaliahshereese,Lauren 美区
deblindailydeals,Lauren 美区
rojiamatya7,Lauren 美区
madisonaubrey222,Lauren 美区
annitaalvarez5,Lauren 美区
kerenchika,Lauren 美区
peacelotussss,Lauren 美区
brea.danner,Lauren 美区
its_mague_world2.0,Lauren 美区
mooka4040,Lauren 美区
francescaheals,Lauren 美区
be.mariam2,Lauren 美区
merryunicorn131,Lauren 美区
andyelare,Lauren 美区
glammabunny,Lauren 美区
cubana357,Lauren 美区
nikkis.worlddd,Lauren 美区
salmaf380,Lauren 美区
indyiasmith,Lauren 美区
milkmari3,Lauren 美区
eltiktokshopdedaniela,Lauren 美区
puffydesh,Lauren 美区
heatherlynnrollston,Lauren 美区
yailen.martin,Lauren 美区
queenda31,Lauren 美区
ugckseniya,Lauren 美区
ginakub123,Lauren 美区
kora8655,Lauren 美区
amyrendonn,Lauren 美区
yainaran19,Lauren 美区
sheisleticia,Lauren 美区
lachichi9101,Lauren 美区
darlingdarladarlene,Lauren 美区
robinenest,Lauren 美区
daylinrojas01,Lauren 美区
saray.xiomara.pre2,Lauren 美区
lautiktokshop,Lauren 美区
loaflifecorgis,Lauren 美区
niasurie,Lauren 美区
esther92969,Lauren 美区
alfreduch0,Lauren 美区
vanessa_naelle,Lauren 美区
sandybarneswatkins,Lauren 美区
drak0o._,Lauren 美区
la.mariposa520,Lauren 美区
cindyy.4.44,Lauren 美区
pabitra2020,Lauren 美区
gigi.toopretty,Lauren 美区
liz_gonzalez1221,Lauren 美区
brightgiftsshop,Lauren 美区
officialtinye5,Lauren 美区
sherline743,Lauren 美区
mayhern7,Lauren 美区
aly__oop,Lauren 美区
china80422,Lauren 美区
txss.orii,Lauren 美区
adilenerm1995,Lauren 美区
jadislunaa,Lauren 美区
monicaa.porter,Lauren 美区
yanetmartinezcarballo,Lauren 美区
jc_has.my.heart,Lauren 美区
rosietiktokstar80,Lauren 美区
crushingsmile,Lauren 美区
fontaviareynolds,Lauren 美区
riconcyn,Lauren 美区
nishaandrea91,Lauren 美区
tiktokshop_naturelover,Lauren 美区
theparttimebartender,Lauren 美区
leoylucabrera506,Lauren 美区
goodysgirl92,Lauren 美区
jan_mtz7,Lauren 美区
moonlightcraftsbylazy,Lauren 美区
stephaniek133,Lauren 美区
maddie.elisabeth.sb,Lauren 美区
sabreja,Lauren 美区
iminlovewithchriswood,Lauren 美区
onenac,Lauren 美区
esme.beauty6,Lauren 美区
201.jaden,Lauren 美区
makinadifference23,Lauren 美区
fabslisset,Lauren 美区
sparklewithamberraye,Lauren 美区
teja7895,Lauren 美区
mely25tiktoc,Lauren 美区
obviously_anahi,Lauren 美区
blue_flordeliz_usa,Lauren 美区
therealnimzay,Lauren 美区
alayna.gayle,Lauren 美区
lauravendedoratiktokshop,Lauren 美区
sergiofitnesslifestyle,Lauren 美区
mvpdjose,Lauren 美区
kaseyaulsbrook,Lauren 美区
shannb516,Lauren 美区
yessica29h0,Lauren 美区
lucybeauty052,Lauren 美区
laura_lopez0910,Lauren 美区
sunu.gongpo,Lauren 美区
sharmilagm588,Lauren 美区
zylafinds,Lauren 美区
daily.angeltok,Lauren 美区
soyyaniris,Lauren 美区
timsina_kritika,Lauren 美区
grishma_aesthetic,Lauren 美区
mamaoftwo2025,Lauren 美区
milankaiyla7,Lauren 美区
pe_tra.23,Lauren 美区
makeithappen1136,Lauren 美区
lindsay198444,Lauren 美区
juliebird42,Lauren 美区
danielacabrera0228,Lauren 美区
agueda.canales,Lauren 美区
liz31890,Lauren 美区
roxyyemaya777,Lauren 美区
midneshia509,Lauren 美区
caitlinzielinski,Lauren 美区
ohio_simplejulie,Lauren 美区
missy_ward,Lauren 美区
soy.shakira17,Lauren 美区
lissylucian,Lauren 美区
nolimitlmayla,Lauren 美区
haydeemighty,Lauren 美区
aylen.milan,Lauren 美区
smalltownteacherlife1,Lauren 美区
amandanicole1433,Lauren 美区
qorcan,Lauren 美区
_brookereed,Lauren 美区
yoandra.mora07,Lauren 美区
paigetheplug,Lauren 美区
cary_essence,Lauren 美区
mme.maitre,Lauren 美区
shriti.pandey.123,Lauren 美区
bethiebegin,Lauren 美区
xx.baby.doll.xx,Lauren 美区
orfamarquez3,Lauren 美区
gracielatiktokshop,Lauren 美区
mariamercedesmunoz26,Lauren 美区
adventure.media.naake,Lauren 美区
qu33nm3gs,彩媚美本店
indiandiorrr,彩媚美本店
susmitabanjara13,彩媚美本店
chabellyhernandez,彩媚美本店
veebsvibe,彩媚美本店
neepakc1,彩媚美本店
anngeemack,彩媚美本店
_deepak76,彩媚美本店
_sloth_runner,彩媚美本店
_so.m_28,彩媚美本店
nicanoelofficial,彩媚美本店
singhsarus,彩媚美本店
_thekayrenee,彩媚美本店
jessicaqaos,彩媚美本店
officialcooderrr,彩媚美本店
elena_lopez75,彩媚美本店
kabita2045,彩媚美本店
_tiffany_mitchell,彩媚美本店
rashell1998,彩媚美本店
_winnyb,彩媚美本店
_yusto,媚跨境店
savannahhbishopp,彩媚美本店
a.chichi,彩媚美本店
abwanadruweyda1,彩媚美本店
adanelia.ruiz.cardenas,彩媚美本店
ahorrandoconnorma,彩媚美本店
alex_capo730,彩媚美本店
oficialpereztony86,彩媚美本店
alexis_in_bloom,彩媚美本店
alexisgodsey,彩媚美本店
alexisjohnston,媚跨境店
sakari.allure,彩媚美本店
alkania4,彩媚美本店
alyssasblonde,彩媚美本店
amaalalhabib,彩媚美本店
amandafowler54,彩媚美本店
amandagarces,彩媚美本店
ambergotcakess,彩媚美本店
anais.garmendia.benitez,彩媚美本店
neneflow5,彩媚美本店
anapatty068_,彩媚美本店
angelesxoxx,媚跨境店
ara_mm8,彩媚美本店
arjunbhai_52,彩媚美本店
ashmita5122,彩媚美本店
asmisubedi,彩媚美本店
vxleaaa,彩媚美本店
autismawarenessmomma,彩媚美本店
ayeshetatted,彩媚美本店
azeeta90,彩媚美本店
babitapoudyel,彩媚美本店
babydollsunshine2,彩媚美本店
bebesiita2ra,彩媚美本店
becky.gold369,彩媚美本店
fanmcreol69,彩媚美本店
beekindofweird,彩媚美本店
bhadgalfreda,彩媚美本店
bimalasubedi58,彩媚美本店
binitarai670,彩媚美本店
blackbutterfly42,彩媚美本店
bonniesullivan,彩媚美本店
bpjr34,彩媚美本店
brandy.fishing,彩媚美本店
brandyamaa,彩媚美本店
breehawww,彩媚美本店
briana7831,彩媚美本店
yaduluitel,彩媚美本店
taylinneorrick,彩媚美本店
cafe.de.bendicion,媚跨境店
cafeciito_y_chisme,彩媚美本店
thelegerlife,彩媚美本店
cantoscatolicos00,彩媚美本店
caro30019,彩媚美本店
charlottemeadows2,彩媚美本店
cicithequantumwitch,彩媚美本店
kristashairjourney,彩媚美本店
claudiavidal82,彩媚美本店
cocopuffz.asmr,彩媚美本店
commanderog0,彩媚美本店
crystalphotosu,彩媚美本店
lau_massiel,彩媚美本店
iamlanice,彩媚美本店
cupfulofhappiness,彩媚美本店
danicacook,彩媚美本店
delmybanegas,彩媚美本店
destinycurley1,彩媚美本店
dhingli0127,彩媚美本店
digital.liah,彩媚美本店
dipika_katel,彩媚美本店
lilibeth_0311,彩媚美本店
dolmayonjan99,彩媚美本店
ebach85,彩媚美本店
edwicked1987,彩媚美本店
tsganggg,彩媚美本店
eileenee1207,彩媚美本店
bsavageshop,彩媚美本店
eleida_munguia,彩媚美本店
elsakokebe,彩媚美本店
emptynestersaz,彩媚美本店
erikacarreonq,彩媚美本店
estefanymugica7,彩媚美本店
jenny_domini_14,彩媚美本店
estrellawilliams8,媚跨境店
faby_aguilar_sindy,彩媚美本店
familiaarabehispana,彩媚美本店
fannieugc,彩媚美本店
fayettevillephotographer,彩媚美本店
flacaanaya,彩媚美本店
friendsforever_strong,彩媚美本店
gabby0313,彩媚美本店
galletitaguerrero,彩媚美本店
genesis.mendoza339,媚跨境店
grechigonzalez0.1,媚跨境店
griseldasuazo4,彩媚美本店
grovebrickhousemama,彩媚美本店
zyrecaaaa,彩媚美本店
guybakeriv,彩媚美本店
barbara_martinez_vlogs,彩媚美本店
baeyuanna,彩媚美本店
jessicaperez174,彩媚美本店
haitiansecretcbponeazh,彩媚美本店
happilyenglishafter,彩媚美本店
heili.pacha,彩媚美本店
heyyomommy,彩媚美本店
hidayavivian,彩媚美本店
huskyforders,彩媚美本店
iloveneetu,彩媚美本店
imu511,彩媚美本店
ines25___,彩媚美本店
ingridcaal0,媚跨境店
alanavibes21,彩媚美本店
irisnicole_1,媚跨境店
isa_arambule,彩媚美本店
isasoriano04,彩媚美本店
isauralopez65,彩媚美本店
islandgirl8787,彩媚美本店
ithalia_diaz,媚跨境店
mariaali114,彩媚美本店
its..just..vicky,彩媚美本店
hiddensteals,彩媚美本店
itsalyssamiranda,彩媚美本店
j0rdynfreeman,彩媚美本店
annslee_rose,彩媚美本店
jamiexoxomarie,彩媚美本店
jaredtofy,彩媚美本店
jean18561,媚跨境店
itsashuntii,彩媚美本店
jeevnrupa.j,彩媚美本店
jenalynreed,彩媚美本店
estebancit0,彩媚美本店
jenna_k.8,彩媚美本店
jesabel_alvarez,彩媚美本店
britts_ttshop,彩媚美本店
jessicarachellel1,彩媚美本店
jessmcgann,彩媚美本店
jhenifergabriela1995,彩媚美本店
jomanna.77,彩媚美本店
jonesattheendoftheblock,彩媚美本店
jordanyoyi,彩媚美本店
kabitathapa892,彩媚美本店
mr_baldman_official,彩媚美本店
kalikraze,彩媚美本店
marte19222,彩媚美本店
kalpanakb10,彩媚美本店
karlacano0105,彩媚美本店
viewzofbeauty,彩媚美本店
karuna_shreena,彩媚美本店
wallscustomcreations,彩媚美本店
kate.bennett_,彩媚美本店
kaylacelene,彩媚美本店
kaylafaber7,彩媚美本店
keylimartinez97,彩媚美本店
donawow2,彩媚美本店
khymberlyrae,彩媚美本店
kiirianna,彩媚美本店
kimberlyfrose_,彩媚美本店
kristyannarosas,彩媚美本店
ogjestv,彩媚美本店
kryssywakeup,彩媚美本店
la_puchi_flores,媚跨境店
la_puchi_flores!,彩媚美本店
lakeithashunta._,彩媚美本店
lamichi846,彩媚美本店
lamunequita321,彩媚美本店
leila_rod,彩媚美本店
princhipezah14,彩媚美本店
lauritachingona,彩媚美本店
lauritta_2,彩媚美本店
laxmiupreti08,彩媚美本店
legendarylavv,彩媚美本店
marysa.lynn,媚跨境店
lifeofpearl89,彩媚美本店
yasmanysanchez88,彩媚美本店
lilihzii,彩媚美本店
livinwithsonia_,媚跨境店
faracutz,彩媚美本店
llellitamoreno,彩媚美本店
itsmariahl0pez,彩媚美本店
fromlolawithlove,彩媚美本店
loveena1113,彩媚美本店
luceroanaya6,媚跨境店
lucianomusicaromantica_,彩媚美本店
naomiveras,彩媚美本店
sararodrguez008,彩媚美本店
lupitaalvarado832,彩媚美本店
luzzybarbieoficial,彩媚美本店
mallory.demange,彩媚美本店
marbelrrazo,彩媚美本店
mamaketcham,彩媚美本店
manjitasingh2020,彩媚美本店
manuelramos5101,彩媚美本店
mariaalicea0314,彩媚美本店
mariahdl23,彩媚美本店
mariieofficial05_,彩媚美本店
nya_xlyy,彩媚美本店
probablypettingcats,彩媚美本店
radhikapokwal0,彩媚美本店
mariposa_traicionera03,彩媚美本店
mariposadeamor69,彩媚美本店
abae.55,彩媚美本店
mariposaoficial25,彩媚美本店
mya_babycurls,彩媚美本店
marjoriezoe1,彩媚美本店
nohemi.tips,彩媚美本店
marlin1631,彩媚美本店
mary.closet6,彩媚美本店
maryjuan06,彩媚美本店
rj_shabanu123,彩媚美本店
marysa_miele,彩媚美本店
maulopez000,彩媚美本店
mayanicoleofficial1,彩媚美本店
mayra_perez232,彩媚美本店
meliramirezoficial,彩媚美本店
melissaarras,彩媚美本店
mericantankeryanker,彩媚美本店
merlyyynns,彩媚美本店
meromaya636,彩媚美本店
miaraeallen,彩媚美本店
molly_singh77,彩媚美本店
momma14684,彩媚美本店
monetizandoconkaty,彩媚美本店
mrsdume,彩媚美本店
3himyss,彩媚美本店
ms38babyy,彩媚美本店
msdivalicious1,彩媚美本店
musicmusica20,彩媚美本店
mzznofilter,彩媚美本店
naubag_ganga,彩媚美本店
neermalapoudel,彩媚美本店
sara_lopez816,媚跨境店
neeshagiri0,彩媚美本店
nharhnaerhquiyahchilla,彩媚美本店
nialui21,彩媚美本店
ninlama2020,彩媚美本店
nisha.bajgain05,彩媚美本店
nishukarki20,彩媚美本店
parushrama1,彩媚美本店
patrickandlaurenshop,彩媚美本店
paxtonfarina27,彩媚美本店
peaceejindu,彩媚美本店
pneetu3_ugc,彩媚美本店
pnira8,媚跨境店
pomapoudel,彩媚美本店
poudelchunku34,彩媚美本店
pra_stha80,彩媚美本店
prafaith,彩媚美本店
linda_borrego,彩媚美本店
princesitalinda3192,彩媚美本店
princessammi07,彩媚美本店
prindle.sourdough,彩媚美本店
qamar__alhabib,彩媚美本店
queen0fegypt,媚跨境店
rebeccakidiosi,彩媚美本店
reynas37_4,彩媚美本店
rina_ghalley,彩媚美本店
rondaasis,媚跨境店
rosesharma545,彩媚美本店
husamzrx,彩媚美本店
rvanne23,彩媚美本店
aleguzman_sellervibes,彩媚美本店
sabi_acharya22,彩媚美本店
saimas.evolution,彩媚美本店
rosey81,彩媚美本店
sapanagurung501,彩媚美本店
saruadhikarichapagai,彩媚美本店
saruaryalk,彩媚美本店
chelsea.telsea,彩媚美本店
shagisabadword,彩媚美本店
shiwanichaudhary05,彩媚美本店
shopwitbeaast,彩媚美本店
shraddhakhadka888,彩媚美本店
shreyansharma3,彩媚美本店
silvialara0017,彩媚美本店
simranghimiraypok,彩媚美本店
tatianayangua,彩媚美本店
sindyrivas18,彩媚美本店
baebiirayray,彩媚美本店
sofiaselena8,彩媚美本店
sonia956,彩媚美本店
sriju.subedi,彩媚美本店
sunitalall4,彩媚美本店
sushila.santosh,彩媚美本店
susie_dertsakyan,彩媚美本店
rosaliainzunza_,媚跨境店
solecitoychorizo,彩媚美本店
taylorowens404,彩媚美本店
takitoo_10,彩媚美本店
chanty19b,彩媚美本店
frozenpenguintitties2.0,彩媚美本店
tayofa_queen,彩媚美本店
thatguyty21,彩媚美本店
andreina21_0,彩媚美本店
redwithlove,彩媚美本店
itzel.lopez95,彩媚美本店
the_apaus,彩媚美本店
thecassiemichelle,彩媚美本店
thechelseapenner,彩媚美本店
thejaydiamond,彩媚美本店
thelifeofmamav,媚跨境店
adelinabuavais,媚跨境店
theworldofnena,彩媚美本店
trinafairley,彩媚美本店
ttshopwithpaige,彩媚美本店
uma____sharma11,彩媚美本店
umapradhan20,彩媚美本店
unajneopaneygauta,彩媚美本店
universe.pro77,彩媚美本店
valerie.kay.88,彩媚美本店
vela899,彩媚美本店
whitwilliams_,彩媚美本店
preeettybaaaby,媚跨境店
xox.jenn.xoxo,彩媚美本店
thequeenofchaos17,彩媚美本店
yadi_samon,彩媚美本店
yamilethgarcia980,彩媚美本店
yamilethlobo,彩媚美本店
yarecatrachita2,彩媚美本店
yelissah,彩媚美本店
ygalindeztr,彩媚美本店
yolibethbueso,彩媚美本店
yoliferry.negocios,彩媚美本店
yolii0408,彩媚美本店
youcantbringmedown,彩媚美本店
yurizuniga8,媚跨境店
zoya_zayan,媚跨境店
itsjustkatieett,Chen美区
mariamavila29,Chen美区
jubi1807,Chen美区
yuliannis.acosta,Chen美区
vykiiaguirre,Chen美区
almazapataamaro,Chen美区
toniann_cecile,Chen美区
rahelk22,Chen美区
srijanarana1,Chen美区
usha11240,Chen美区
intuitivehq1111,Chen美区
breidye__v,Chen美区
simply.sin,Chen美区
dillanmatute22,Chen美区
lili_gm5,Chen美区
anis_chic_boutique,Chen美区
jamespositive509,Chen美区
ana_azua,Chen美区
griseldasolorioro,Chen美区
stephanie_glitterlife,Chen美区
mimifizzandglam,Chen美区
elisabethnaya,Chen美区
_.liyahbaby24._,Chen美区
barbs7487,Chen美区
srijanabudhathoki830,Chen美区
livelaughjada,Chen美区
megsmanimechanic,Chen美区
rosauragarcia744,Chen美区
saraswati_bhattarai22,Chen美区
esmeraldalemus14,Chen美区
_jennifermy,Chen美区
yoselinyoselin22,Chen美区
biniita0,Chen美区
wickedmoonlight1,Chen美区
professional.find3r,Chen美区
lissett.perdomo,Chen美区
lisashaw2024,Chen美区
mxrixly_,Chen美区
pauliedtpa,Chen美区
babyygkay,Chen美区
moreoflilashh,Chen美区
maiterecomendaciones,Chen美区
dealsbytaf,Chen美区
isntitdarling13,Chen美区
yumi07868,Chen美区
perezangel67,Chen美区
lilya.valenzuela,Chen美区
tutuloveisfree,Chen美区
sugarrush71011,Chen美区
bhandaridiya3,Chen美区
ugc.done.wright.5,Chen美区
osiitabebe,Chen美区
yourfavbbw94,Chen美区
yoisypromotor07,Chen美区
solane.lami,Chen美区
ninademetro,Chen美区
jillianfinds7,Chen美区
malieslysosa,Chen美区
ks.findz,Chen美区
gymnglo,Chen美区
anaixyosorio,Chen美区
rebeccalee675,Chen美区
hijadelrey815,Chen美区
aubreymilani,Chen美区
dalgys01,Chen美区
carebear1101,Chen美区
estelita504y3,Chen美区
mariakarla950,Chen美区
lifeoflianb,Chen美区
miranda_lerea01,Chen美区
melanytips,Chen美区
drako_deals,Chen美区
namrata.phuyal3,Chen美区
castrorojas3,Chen美区
yudelkistase,Chen美区
marijuannette,Chen美区
pelusa_87,Chen美区
ruchizala3,Chen美区
yosarirodriguez,Chen美区
reeseeyummee,Chen美区
ariannacubana,Chen美区
reynaromero233,Chen美区
claudia.montesino08,Chen美区
lesandejesus0,Chen美区
notyourbusiness6009,Chen美区
bony.81,Chen美区
jeniffertys,Chen美区
heleneshevick,Chen美区
yisselfundoracruz,Chen美区
karenmichelg22,Chen美区
bbeautiful1111,Chen美区
tifxnyy01,Chen美区
rinacisnero81,Chen美区
laushopfinds,Chen美区
hector.oficial8,Chen美区
aasu838,Chen美区
yolivo47,Chen美区
以上均发手卡,Chen美区
tiffanydeboard,Chen美区
titico9507,Chen美区
shantialvarez,Chen美区
anakaren0506,Chen美区
yadira...oficial,Chen美区
yeni_paola89,Chen美区
dalienaurbina,Chen美区
ilanistuchiquita,Chen美区
mailen1146,Chen美区
dani_db1705,Chen美区
karem_gisell,Chen美区
annarelys0,Chen美区
mayensy.ulloa,Chen美区
garciadayma72gmail.com,Chen美区
ladominicanprincess,Chen美区
m3tlmom,Chen美区
sheltrytee465,Chen美区
jocyhosmere2,黄美区
malisacamacho88,黄美区
lis47017,黄美区
raisanjitaaa,黄美区
ginger19665,黄美区
andreafz22,黄美区
stanoo_angel,黄美区
smarika.oli807,黄美区
black_beauty.1pt2,黄美区
beautiful_lili99,黄美区
hemguragai76,黄美区
melikacreates,黄美区
ho4lilbaby,黄美区
_.cathys._,黄美区
lovely_jc25,黄美区
thealijayway,黄美区
herrera.chiquita,黄美区
neelampaudyal,黄美区
sandraiser,黄美区
reyandmomadventures,黄美区
liek2xx,黄美区
..sarahy..504,黄美区
mora_child,黄美区
anna.putnam.cooper,黄美区
jookinnyc,黄美区
mairelys293,黄美区
hallystreat,黄美区
jeannelkha80gmail.com,黄美区
girinisha14,黄美区
lynn9899,黄美区
kimberlin.075,黄美区
lilianabustosss,黄美区
kamalarawat143,黄美区
yelesdayramos,黄美区
anitavicet,黄美区
vivivanavargas,黄美区
spamxjacky,黄美区
sangi.chaulagain,黄美区
elizabeth.2106,黄美区
tanyamowrey,黄美区
creative_inspirations21,黄美区
brittneylala0,黄美区
themakaylalife,黄美区
nanny0369,黄美区
kayla012099,黄美区
georgia_peach0921,黄美区
adepeztania8891,黄美区
lenitayamiletlc,黄美区
kellyshops7,黄美区
missyhw,黄美区
felisitacorral,黄美区
triciaoneil2017,黄美区
paolaalmanza66,黄美区
godsangel_8,黄美区
binujamaskey,黄美区
aisham20004,黄美区
yaile_recomienda,黄美区
pragya_sharmapkrl07,黄美区
biggsexxxii3,黄美区
therealchloechantal,黄美区
bigbuckler70genx,黄美区
rebekkahmichelle91,黄美区
joy.baza,黄美区
ritachauhan90,黄美区
ecomluu,黄美区
stinctheceo,黄美区
chitra.chuwan,黄美区
diya.kanchi,黄美区
sara.rawal,黄美区
itzyababymimi,黄美区
itz.nattty4,黄美区
menukachettri12,黄美区
gem120787,黄美区
emelycortez2195,黄美区
tracylopez44,黄美区
lupitacachu16,黄美区
jocoy_farms,黄美区
tanii_xoxo22,黄美区
sekani.sensual,小吴 美区旧版
melissa.loza6,黄美区
dancingladycyndi,黄美区
angelabhatta01,黄美区
katiahernandez430,黄美区
sofiyasth77,黄美区
imjustkim6,黄美区
marciep21,黄美区
melissiabrueschke,黄美区
haythanfam.1,黄美区
charlenewalker44,黄美区
anniesmellsamazing,黄美区
harpersmommyfelicia,黄美区
gigi42gigi,黄美区
yazmin7251,黄美区
sonualemagar,黄美区
steven_shop28,黄美区
ashleylanehaggard,黄美区
ranjanasapkota412,黄美区
ashleysigler05,黄美区
kortney_unfiltered,黄美区
sheemely,黄美区
ruchanalamichhane,黄美区
leilacamaro7,黄美区
mommatoacie22,黄美区
yelitzanair,黄美区
marual3674,黄美区
wawa69078,黄美区
chrissylaughter,黄美区
thefunkyleopard,黄美区
rvictoria1493,黄美区
mariposa198787,黄美区
thanistrejo19,黄美区
cbk_shantale,黄美区
anna.mincey,黄美区
yane1466,小吴 美区新版
tammy_lewis,小吴 美区新版
loreleistreasures,黄美区
jennybarahona1406,黄美区
yenyjaro,黄美区
chandabha,黄美区
brandonlopez711,cherry美区
daciaduhh,cherry美区
familyforever911,cherry美区
rupabiswa287,cherry美区
krystalshops3,cherry美区
shelliiofficial,cherry美区
nar_chhetri1,cherry美区
yella_petals,cherry美区
jeannethr,cherry美区
laxmibaidhya760,cherry美区
nickoze,cherry美区
harlemraised120,cherry美区
carolightsg,cherry美区
layoryo1,cherry美区
perversa271,cherry美区
celestete09,cherry美区
touchofemili,cherry美区
.xiomaravelazquez,cherry美区
alejaa_1012,cherry美区
kevinruiz386,cherry美区
gene24170,cherry美区
beth_in_bama,cherry美区
ivetl,cherry美区
lizeth.martinez9481,cherry美区
janab767,cherry美区
avila863_e,cherry美区
cristinaorlandobyus,cherry美区
vishnupokhrel,cherry美区
poupezizindoll,cherry美区
laxmirana090,cherry美区
henryetteespe127,cherry美区
mia4lifetime,cherry美区
sereneseer,cherry美区
tessawagner20,小吴 美区新版
carollastarria,cherry美区
master_elizabethzorrilla,cherry美区
paolaorellana82,cherry美区
summermaza,cherry美区
kehlaniibaby,cherry美区
chhali__nepal4,cherry美区
sunshinezgma,cherry美区
luisaelenamendoza,cherry美区
lynejean39,cherry美区
3_silver_spoons,cherry美区
stacey_sgclife,cherry美区
maribelcastillo121177,cherry美区
inesmaravilla70,cherry美区
rus_maagrg92,cherry美区
lavon_78_,cherry美区
shovabhndr,cherry美区
pabitraghising7,cherry美区
adeliz44,cherry美区
warriorprincess02,cherry美区
jmusicadelrecuerdo,cherry美区
glambyme15,cherry美区
santoslaguna9964,cherry美区
zayla9410,cherry美区
nalacuba1,cherry美区
samalu91,cherry美区
michelleaaliyahh,cherry美区
n0n069,cherry美区
itsanniebelle,cherry美区
merly_mitiendita,cherry美区
drippnroyalty,cherry美区
riley_davidson,cherry美区
kaywitdabagg,cherry美区
guymitride,cherry美区
stuckkonkenn,cherry美区
prativa576,cherry美区
reggiebell_,cherry美区
humahussain162,cherry美区
remedespirituel,cherry美区
roblesamelia3,cherry美区
prietarodriguez8,cherry美区
beautywbrandi,cherry美区
cams.shopfinds,cherry美区
homemakingwithphd,cherry美区
adoseofdiffrent,cherry美区
advocates01,cherry美区
mommythingss,cherry美区
cecy.soto,cherry美区
n33n0_,cherry美区
dayanalawer,cherry美区
jilly_guh2,cherry美区
pooja_patel39,cherry美区
anomalee33,cherry美区
nickkshow,cherry美区
its.avery.day.bro,cherry美区
f_maryx3,cherry美区
jannyruiz777,cherry美区
elenacervantes_bella0619,cherry美区
thesexy0ne,cherry美区
sophiabritt22,cherry美区
elcachimba1,cherry美区
judy_to,小吴 美区新版
abfabkenny,cherry美区
k_lezokologet,cherry美区
lisset002,cherry美区
lachulaa,cherry美区
gabrielletwinflamemediu4,cherry美区
englishbrownofficial,cherry美区
kassyf27,cherry美区
aprilleigh83,cherry美区
crockerfamily,cherry美区
saryc13,cherry美区
justuskingsstudios,cherry美区
fernandosolisofficial,cherry美区
saraswotimoktantmg,cherry美区
lachicafresa5041,cherry美区
joannabb_14,cherry美区
glorimarpch,cherry美区
djkaraokelucero,cherry美区
aishaa.bautistaa,cherry美区
rissfed,cherry美区
lifewithjennileegarner,cherry美区
anastasia.merie,cherry美区
erikagutierrez359,cherry美区
yourstruly__serena,cherry美区
aubs1983,cherry美区
nathyhr14,cherry美区
shillakafley2,cherry美区
kenjal58,cherry美区
haritiwari71,cherry美区
moon_sheoran,cherry美区
lakatangaize,cherry美区
larebelle271,cherry美区
k.c_davis,cherry美区
kylaxskyy,cherry美区
alexandraa1222,cherry美区
alex.benson5,cherry美区
gl24yoss,cherry美区
mr.ozziizzo,cherry美区
jamminjamie1316,cherry美区
ttshopnette,cherry美区
maxytorrez1,cherry美区
josy29espana,cherry美区
savannah2220,cherry美区
michelecorales,cherry美区
simantabaniyagiri,cherry美区
214shordyy,cherry美区
yurriitzz,cherry美区
leyva.539,cherry美区
histoire_lamour,cherry美区
courtny88,cherry美区
binakoiralabista,cherry美区
fanmverite,cherry美区
vanessa09elizabeth,cherry美区
lasexyboricua,cherry美区
labelyuli,cherry美区
momsasoue,cherry美区
baddiemonaee,cherry美区
taylor.nicole524,cherry美区
aracelyqtt,cherry美区
laclaudiaviral,cherry美区
sarah.deese,cherry美区
chanel_kayli5,cherry美区
niru.n1,cherry美区
slaywithhonei,cherry美区
adorepeach,cherry美区
ahmedbrooklyn84,小吴 美区新版
jessicameza71,cherry美区
kamyrasheniece,cherry美区
kashaamour,cherry美区
erik_the_gladiator,cherry美区
notnormajeane,小吴 美区新版
simakh19,cherry美区
rosegoldz100,cherry美区
mezzoddy,cherry美区
typomademebuy,cherry美区
emmanuela010,cherry美区
biddythings,cherry美区
isabella.dimova,cherry美区
yesseniaduarte28,cherry美区
cherry_love84,cherry美区
maryambasirofficial,cherry美区
marybella578,cherry美区
labarbie085,cherry美区
florlanuza31,cherry美区
queso.25,cherry美区
_.jessica_jess,cherry美区
mrsjgirardi,cherry美区
lilyalbe,cherry美区
pattycake1807,cherry美区
forty.something.mama,cherry美区
rissa_catmom24,cherry美区
jessicalagrange2,cherry美区
treybev5,cherry美区
hananmutar5,cherry美区
milagritos_nica,cherry美区
ladoahh04,cherry美区
cyberrblue,cherry美区
kevinps333,cherry美区
theaajharedd,cherry美区
shoppingwithmommapeep,cherry美区
inlovewith__nyaa,cherry美区
katebackup101,cherry美区
pookatooth,cherry美区
orng_cnty,cherry美区
mayameri_4,cherry美区
dianalourdes0,媚跨境店
monisha.1231,cherry美区
raghudamanta,cherry美区
neni03301,cherry美区
nikita74156,媚跨境店
krystilrose,cherry美区
srizanatimisina,cherry美区
nilsasantiago68,cherry美区
mariarosalindagonzalez,cherry美区
samdiobama998,cherry美区
chiwiskimagali2,媚跨境店
jaysgotdealz,cherry美区
wildchild3333,cherry美区
maritzakissou,cherry美区
gurunglaxmi74,cherry美区
yazminazeneth14,cherry美区
just_imagined,cherry美区
annagonzalez433,cherry美区
chyynee,cherry美区
knifelover23,cherry美区
they.luv.jennife,cherry美区
ericsanchez162,cherry美区
jackieleigh3,cherry美区
010catrachita,cherry美区
latoxicamichoacana2,cherry美区
almeida_air_conditioner,cherry美区
julissaaa52,cherry美区
dianadiaz1015,cherry美区
nolimitscouple1,cherry美区
rizlane_a.f,cherry美区
juicyedwards5,cherry美区
snaggedit.shop,cherry美区
洗护套装,cherry美区
reynita/reynitaalfaro700,小吴 美区旧版
ccs.ttshop,小吴 美区旧版
catmarie123,小吴 美区旧版
emiliaot,小吴 美区旧版
motivacionvanny,小吴 美区旧版
beatriz.caguana,小吴 美区旧版
amandafunesti,小吴 美区旧版
kylamiller9,小吴 美区旧版
letyramirez2686,小吴 美区旧版
mari12345_72,小吴 美区旧版
ailyncastillosemanat,小吴 美区旧版
kripaprasai7,小吴 美区旧版
hasti.hossaini1--ultimatemarket,小吴 美区旧版
nonnieofthreeproud,小吴 美区旧版
ritalovly74,小吴 美区旧版
captainmde,小吴 美区旧版
just.melisaann,小吴 美区旧版
june7madrid,小吴 美区旧版
larios_29,小吴 美区旧版
canta.sin.trabart66,小吴 美区旧版
irresistiblyyou,小吴 美区旧版
selflovebytati,小吴 美区旧版
kellymarie1966,小吴 美区旧版
oficial.ely12,小吴 美区旧版
adrianaaguerrido3,小吴 美区旧版
100yearoldhomestead,小吴 美区旧版
mery31r,小吴 美区旧版
yosoykeiryy,小吴 美区旧版
nitukarki48,小吴 美区旧版
willowaysloveyou,小吴 美区旧版
mariannanp,小吴 美区旧版
majordisruption2,小吴 美区旧版
yojana_canales11,小吴 美区旧版
roshan.sushmita,小吴 美区旧版
ashlynnbanks2,小吴 美区旧版
thepamperedheifer,小吴 美区旧版
surisaday_sanchez,小吴 美区旧版
elayna.ann,小吴 美区旧版
terrip76,小吴 美区旧版
nancygenaroesp,小吴 美区旧版
cam_for_dayz,小吴 美区旧版
bimala305,小吴 美区旧版
yeniaasing,小吴 美区旧版
merrddib,小吴 美区旧版
maureen4403,小吴 美区旧版
lapatrona2024.com,小吴 美区旧版
monymony.13,小吴 美区旧版
sanniyurrrrr,小吴 美区旧版
shopwith.vanessa,小吴 美区旧版
aricelia96,小吴 美区旧版
yanethestelaarias,小吴 美区旧版
c.heydi1,小吴 美区旧版
ladyblue03,小吴 美区旧版
nataliaguerrero260,小吴 美区旧版
korisheasisson,小吴 美区旧版
haley.d3,小吴 美区旧版
adale11033,小吴 美区旧版
joshopsalot,小吴 美区旧版
raghadalnuaimi,小吴 美区旧版
imarax3,小吴 美区旧版
reyouke,小吴 美区旧版
robynmeetsworld,小吴 美区旧版
bhattabist2069,小吴 美区旧版
sharmadhanu12,小吴 美区旧版
lachinamiranda69,小吴 美区旧版
nerdwiththephattyy,小吴 美区旧版
mitootheodor,小吴 美区旧版
babymam380,小吴 美区旧版
homeandlifestyle_ugc,小吴 美区旧版
camila.hr_,小吴 美区旧版
jhanasam3,小吴 美区旧版
ekta_363,小吴 美区旧版
karlcoul_7,小吴 美区旧版
daa.momster,小吴 美区旧版
mara.velasquez20,小吴 美区旧版
lifewithash83,小吴 美区旧版
perversagamer,小吴 美区旧版
omaidaperez2,小吴 美区旧版
linetlj,小吴 美区旧版
claudia32538,小吴 美区旧版
melindaramsey2,小吴 美区旧版
loayuk,小吴 美区旧版
baked_barbie_93,小吴 美区旧版
justagramfullofgame,小吴 美区旧版
hannahggreenn,小吴 美区旧版
highr_vibez,小吴 美区旧版
alisonessman,小吴 美区旧版
flor2674,小吴 美区旧版
asoda428,小吴 美区旧版
gabreille.linnette,小吴 美区旧版
pocahontas909queen,小吴 美区旧版
santhosdriana86,小吴 美区旧版
elizabethayala504,小吴 美区旧版
mariannanp18,小吴 美区旧版
yahilingonzalez12,小吴 美区旧版
jorgegalvezl,小吴 美区旧版
khadkalakcmee5,小吴 美区新版
karissa_146,小吴 美区新版
anaisy_vlogs,小吴 美区新版
nayomikatel15,小吴 美区新版
cristyadams10,小吴 美区新版
eternalriley,小吴 美区新版
__shellabella__,小吴 美区新版
essentialwantsandneeds,小吴 美区新版
lattylatlat_ugc,小吴 美区新版
kaylinmhart1987,小吴 美区新版
kyramosp,小吴 美区新版
rosi.096,小吴 美区新版
lucystylezz,小吴 美区新版
sunshinespicequeen,小吴 美区新版
taylormarie148,小吴 美区新版
kh444_02,小吴 美区新版
si8rra,小吴 美区新版
daimegarcia5,小吴 美区新版
alysadestinyabner,小吴 美区新版
cbelette,小吴 美区新版
annamarie_famlife,小吴 美区新版
barbe8273,小吴 美区新版
socewiz,小吴 美区新版
glambeatzbyzee,小吴 美区新版
tiktokshopbyjenny,小吴 美区新版
anniayv,小吴 美区新版
lmtherealmrpresident,小吴 美区新版
alinagel6,小吴 美区新版
strength_comes_from_life,小吴 美区新版
maya_lynn88,小吴 美区新版
lapelirojamejoratuvida,小吴 美区新版
chrissycatchatory,小吴 美区新版
xoshizia,小吴 美区新版
daurismarcsanchez,小吴 美区新版
leyii.cabrera,小吴 美区新版
gigiespina,小吴 美区新版
diame1217,小吴 美区新版
omermahmood11,小吴 美区新版
douglasargueta5,小吴 美区新版
kimsmithhunter,小吴 美区新版
novi.finds,小吴 美区新版
terrico.fernando,小吴 美区新版
yecoshoop,小吴 美区新版
espebin20,小吴 美区新版
reynitaalfaro700,小吴 美区新版
manoue3643,小吴 美区新版
abokarimahsaid,小吴 美区新版
arauzjare,小吴 美区新版
dayanna_vigil,小吴 美区新版
ultimatemarket,小吴 美区新版
genesisgr133,小吴 美区新版
alejandra33011,小吴 美区新版
britttoks31,小吴 美区新版
laprieta.1,小吴 美区新版
gourmand_combo.queen,小吴 美区新版
sharper1014,小吴 美区新版
bb4lyf3,小吴 美区新版
doaaali764,小吴 美区新版
whimsy_diary,小吴 美区新版
zokathleen,小吴 美区新版
venerizos,小吴 美区新版
jackedb3an,小吴 美区新版
hbattey3,小吴 美区新版
guerita_t,小吴 美区新版
nurseshani8,小吴 美区新版
marcellamay2,小吴 美区新版
carlybentsen,小吴 美区新版
melissahernandez_98,小吴 美区新版
lanyahm,小吴 美区新版
abovethecrest,小吴 美区新版
janukakhadka26,小吴 美区新版
elisebestfinds,小吴 美区新版
esmeraldaguerra040,小吴 美区新版
savvyy.banana,小吴 美区新版
amy__nolacraftycreations,小吴 美区新版
psycho.joker8,小吴 美区新版
bananzc,小吴 美区新版
banaibeauty,小吴 美区新版
brittney.lee94,小吴 美区新版
oscarsotooficial,小吴 美区新版
morales_family813,小吴 美区新版
sony.deals,小吴 美区新版
kezzy_kasu2,小吴 美区新版
rosa.fernandez5128,小吴 美区新版
veronicahernandez806,小吴 美区新版
vibe_withjess,小吴 美区新版
marbelizolivieri,小吴 美区新版
alexia.noda.rodri4,小吴 美区新版
salonisreviews,小吴 美区新版
samjana.kharel2,小吴 美区新版
hopesbeautyjunkiess,小吴 美区新版
.sassyco,小吴 美区新版
genuinely_hypegirlkay,小吴 美区新版
majoycreates,小吴 美区新版
bri.bri3590,小吴 美区新版
christfollowermom1,小吴 美区新版
sunitaortiz,小吴 美区新版
whatdebbuys,小吴 美区新版
phalgunasubedi1,小吴 美区新版
psychic.reader.star1,小吴 美区新版
m.onetluv,小吴 美区新版
mamax3ravez3,小吴 美区新版
avanshi4,小吴 美区新版
...zuarez1,小吴 美区新版
jennyyh___,小吴 美区新版
xo.xanndra343,小吴 美区新版
eilenro,小吴 美区新版
tifferjae,小吴 美区新版
lesbykbanegas,小吴 美区新版
escobarzacarias07,小吴 美区新版
greteralonso,小吴 美区新版
yeny.gg,小吴 美区新版
octa_official16,小吴 美区新版
bettylynnz,小吴 美区新版
pp25fit,小吴 美区新版
yai.cuba,小吴 美区新版
michellemybelle_glammom,小吴 美区新版
yanethvalencia01,小吴 美区新版
layadira.g,小吴 美区新版
joeythesparrow,小吴 美区新版
dana.de.daily,小吴 美区新版
emilyainpa,小吴 美区新版
latinabratdoll,小吴 美区新版
yolibethcm3,小吴 美区新版
drialys.mi.real.vida,小吴 美区新版
malenaglamshop,小吴 美区新版
diabetesburme.hoy,小吴 美区新版
dianaratigan,小吴 美区新版
elianni9505,小吴 美区新版
shivashows,小吴 美区新版
helloallys2,小吴 美区新版
marcela__luna,小吴 美区新版
malenahdez3,小吴 美区新版
caviaroncoupons,小吴 美区新版
rileyhectik,小吴 美区新版
eve_shopx,小吴 美区新版
lucy.minay,小吴 美区新版
esmat_bk,小吴 美区新版
big__muva,小吴 美区新版
cleanbeautyvault,小吴 美区新版
margarusik6,小吴 美区新版
jloany,小吴 美区新版
herreraxiioomee,小吴 美区新版
idkbutkayla,小吴 美区新版
irmaalbatiktokshop,小吴 美区新版
cerebralstatic1,小吴 美区新版
prosnerjean,小吴 美区新版
mimiyonas12164,小吴 美区新版
miramila20,小吴 美区新版
mammypickstok,小吴 美区新版
haide385,小吴 美区新版
lady_dyana.hn,小吴 美区新版
carla_cuevas0,小吴 美区新版
vflovaldez,小吴 美区新版
jazzeladi,小吴 美区新版
trenditreasures,小吴 美区新版
chismeymakeup,小吴 美区新版
nettelilly,小吴 美区新版
shelbyrbutler,小吴 美区新版
odalysvelazquez0,小吴 美区新版
colochaa1059,小吴 美区新版
andreitabatz,小吴 美区新版
cherlock.7,小吴 美区新版
laurittatiktokshop,小吴 美区新版
thequen2026,小吴 美区新版
sanam3245,小吴 美区新版
bexon.neyman,小吴 美区新版
bear.the.greatpyrenees,小吴 美区新版
barnyardbrittany,小吴 美区新版
racheal_paul,小吴 美区新版
starlene786,小吴 美区新版
ariannatc90,小吴 美区新版
yaniu548,小吴 美区新版
queen.lovesyou.2,小吴 美区新版
dominique.standif,小吴 美区新版
lary56324,小吴 美区新版
laurenjwright,小吴 美区新版
elizabeth.de.la.v80,小吴 美区新版
naturalmax_jose2,小吴 美区新版
tinytina1111,小吴 美区新版
mahu4christ,小吴 美区新版
gabrielaalonso014,小吴 美区新版
iveittyva1998,小吴 美区新版
milenaleon430,小吴 美区新版
itsallthingskat,小吴 美区新版
diane0073,小吴 美区新版
brandylgarcia,小吴 美区新版
alvarez.eguia,小吴 美区新版
lylyafuentes,小吴 美区新版
victorializ1,小吴 美区新版
glowandflow_tts,小吴 美区新版
.danay2024,小吴 美区新版
adelabanueloso,小吴 美区新版
griss0274,小吴 美区新版
sierracee6,小吴 美区新版
sabrinajones12,小吴 美区新版
kelseysboutique,小吴 美区新版
sarahpjsk,小吴 美区新版
hns0617,小吴 美区新版
jomolly97,小吴 美区新版
daniiglowshop,小吴 美区新版
dalbisduranmatos,小吴 美区新版
cakedfindss,小吴 美区新版
danielaa.aah,小吴 美区新版
mamaa._desii,小吴 美区新版
itstagged,小吴 美区新版
lilirmss,小吴 美区新版
marifuentez13,小吴 美区新版
goddesssgigi,小吴 美区新版
janyavalo2,小吴 美区新版
jennifer.mara0,小吴 美区新版
agnerisg,小吴 美区新版
yelii146,小吴 美区新版
nairubytiktokshop,小吴 美区新版
adryshop1,小吴 美区新版
rinaxo22,小吴 美区新版
keirysalmeron_503,小吴 美区新版
vincentfortunee,小吴 美区新版
yordy2385,小吴 美区新版
annatrucvu,小吴 美区新版
yuriannyjimenez2,小吴 美区新版
greterm,小吴 美区新版
jessyrivera1546,小吴 美区新版
steph_success,小吴 美区新版
kookiethehuskie,小吴 美区新版
celenarivera15,小吴 美区新版
josselingreyes,小吴 美区新版
therealcoryn,小吴 美区新版
mamareald3,小吴 美区新版
fizzyizzy1.0,小吴 美区新版
anjuashvi1,小吴 美区新版
reneejones0224,小吴 美区新版
celymaura,小吴 美区新版
teras.spam,小吴 美区新版
sapper_7,小吴 美区新版
stellaknight_xo,小吴 美区新版
eden_beauty_miami,小吴 美区新版
amalialucas663,小吴 美区新版
evelynarac,小吴 美区新版
castellon.2.0,小吴 美区新版
sirhumblegenius,小吴 美区新版
brbara.perez.esca,小吴 美区新版
yuda60905,小吴 美区新版
mybonita1978,小吴 美区新版
omidrawaan,小吴 美区新版
lowlowsworld,小吴 美区新版
yagallashay,小吴 美区新版
probadoxnasha,小吴 美区新版
lifewithhmp,小吴 美区新版
dollarshop15,小吴 美区新版
shebratzy,小吴 美区新版
vanessa.amaya53,小吴 美区新版
blatrive1,小吴 美区新版
cherokeef.cochran,小吴 美区新版
jesus_is_my_life96,小吴 美区新版
clauher14,小吴 美区新版
orivpa,小吴 美区新版
lillieann772,小吴 美区新版
whitneyadair1986,小吴 美区新版
florquinteros06,小吴 美区新版
yasmin_jerica06,小吴 美区新版
cam_painting,小吴 美区新版
unusualonion_,小吴 美区新版
cini650,小吴 美区新版
jesusmendoza2487,小吴 美区新版
rachridg,小吴 美区新版
shanniesayz,小吴 美区新版
queen_aylin_1124,小吴 美区新版
erikamoncada224,小吴 美区新版
qualitydealsss,小吴 美区新版
rosy.castillo1995icloud,小吴 美区新版
adhikary.sunita,小吴 美区新版
barbara19991,小吴 美区新版
reneejones1518,小吴 美区新版
alwaysdecoratinginwonder,小吴 美区新版
ivajeanm,小吴 美区新版
yade01312,小吴 美区新版
desdttt,小吴 美区新版
yudianis91,小吴 美区新版
angalangal88,小吴 美区新版
lisbet1205,小吴 美区新版
lapelirrojamejoratuvida,小吴 美区新版
malikkhuram5287,小吴 美区新版
didasdeals,小吴 美区新版
albania12205,小吴 美区新版
matildacardenas96,小吴 美区新版
sulyjijon,小吴 美区新版
maria.amaroficial,小吴 美区新版
becomingqalbi,小吴 美区新版
life.by.erika,小吴 美区新版
ch_yaneli20,小吴 美区新版
fionasbeauty84,小吴 美区新版
tdibehr,小吴 美区新版
marimarreal33,小吴 美区新版
dianahurtado51,小吴 美区新版
paty.toniolo7,小吴 美区新版
antoniocuba01,小吴 美区新版
roxy__cata,小吴 美区新版
keely_perry,小吴 美区新版
gatayamilei,小吴 美区新版
cartylaguerre12,小吴 美区新版
jenanjuice,小吴 美区新版
luisfitnes__,小吴 美区新版
humberto30830,小吴 美区新版
katyleyva24,小吴 美区新版
marvelys1984,小吴 美区新版
yamizenbeauty,小吴 美区新版
valexannem,小吴 美区新版
dayamicita89,小吴 美区新版
alexshop9704,小吴 美区新版
randomelisethough,小吴 美区新版
latuti331,小吴 美区新版
micoubens,小吴 美区新版
olgasilvia24,小吴 美区新版
maryselect,小吴 美区新版
saradabasnet06,小吴 美区新版
antoshop_0,小吴 美区新版
mariela96solorio,小吴 美区新版
melinatamang3,小吴 美区新版
yisy_pedritoxico,小吴 美区新版
stha_cfamily,小吴 美区新版
armandocruz7,小吴 美区新版
wilmaryagv,小吴 美区新版
whereverwemayhome,小吴 美区新版
elfritzar,小吴 美区新版
dailinhernandezmuniz,小吴 美区新版
ana.lucia3804,小吴 美区新版
itsmedary0,小吴 美区新版
raisingwolf.co,小吴 美区新版
businessbyfleurette,小吴 美区新版
valiosa.angie,小吴 美区新版
euniceoset,小吴 美区新版
babyfher1181,小吴 美区新版
rick_ryder,小吴 美区新版
marishopdeals,小吴 美区新版
leyra.leyva,小吴 美区新版
flacofinds,小吴 美区新版
shayleelouise41,小吴 美区新版
cecilia.caballero60,小吴 美区新版
svaldovinos,小吴 美区新版
keylinsantana2,小吴 美区新版
user2274174345623,小吴 美区新版
yeniseypedrojoel,小吴 美区新版
mimi.foreignn,小吴 美区新版
whithalloween,小吴 美区新版
brendaa83408,小吴 美区新版
dianykcabrera,小吴 美区新版
lexi.blohm,小吴 美区新版
itz.nattty1,小吴 美区新版
marilahijadelrey,小吴 美区新版
eldolor091,小吴 美区新版
manonyoung123,小吴 美区新版
nurse.ahlam,小吴 美区新版
yarisvegapuente,小吴 美区新版
durgabudhakshetri,小吴 美区新版
zkhann07,小吴 美区新版
ashshopfindz,小吴 美区新版
trazaa30,小吴 美区新版
thericoncitoshop,小吴 美区新版
jadesgems_,小吴 美区新版
yaremismiranda,小吴 美区新版
brenda101_,小吴 美区新版
youvee388,小吴 美区新版
supptammy,小吴 美区新版
lovelyguervil,小吴 美区新版
efat254,小吴 美区新版
hawk_prakash.khadka,小吴 美区新版
nicolestephc,小吴 美区新版
slimecat420,小吴 美区新版
roxana0620,小吴 美区新版
stefanydiaz391,小吴 美区新版
soulmatesession,小吴 美区新版
nestorperez1962,小吴 美区新版
sahnanak,小吴 美区新版
danielescorod,小吴 美区新版
mamagab_0813,小吴 美区新版
bensbestdeals,小吴 美区新版
yargelys.castro,小吴 美区新版
eucari94_official,小吴 美区新版
serumdhuiles08,小吴 美区新版
sauliharper,小吴 美区新版
yadirablanco078,小吴 美区新版
purplehaired.deni,小吴 美区新版
isakoime,小吴 美区新版
karina13m,小吴 美区新版
teeglammm,小吴 美区新版
lisideardiary,小吴 美区新版
alinalopez.56,小吴 美区新版
daynelisjorge,小吴 美区新版
carirecomienda,小吴 美区新版
consu333lo,小吴 美区新版
yeri.1996,小吴 美区新版
sabitrechaulagain2,小吴 美区新版
nadiaactiva,小吴 美区新版
stirlingirl,小吴 美区新版
perukare,小吴 美区新版
genesisrivera181,小吴 美区新版
keriberry_boo,小吴 美区新版
dabaker32,小吴 美区新版
ailypublis,小吴 美区新版
dilcia.r.salmern,小吴 美区新版
funnyfacefunnyy,小吴 美区新版
_1diosteama,小吴 美区新版
anthsule2,小吴 美区新版
janet4925,小吴 美区新版
alexsharesitall,小吴 美区新版
crisberessentials,小吴 美区新版
xbreannax2,小吴 美区新版
rubia22100,小吴 美区新版
purnimawaiba1821,小吴 美区新版
kushal.siwakoti4,小吴 美区新版
,未找到
madelisrojas,宗跨境店
spraymescents,宗跨境店
nelimay97,Chen美区
theindecisiveginger,宗跨境店
chloeprincessoftheking,Lauren 美区
fe.laurino,小吴 美区新版
dailanyslavers0,小吴 美区新版
ju_lie.g_m,小吴 美区新版
kaina3243,宗跨境店
prettyrebell,Chen美区
lidz_8,小吴 美区新版
_glambycris,Chen美区
angy35677,Chen美区
leesorganiclife,宗跨境店
chemicalcleanedmeme,宗跨境店
the_shauney_show,宗跨境店
cinthiarodriguez0505,宗跨境店
ashleythesahmof6,Lauren 美区
